location,Chinook,Chum,Coho,Pink,Sockeye,Total
BCWC,10408.80813644161,29811.693635511878,5568.328568884978,26982.864156843963,21676.95696379691,94448.65146147934
BeringSea,3873.4335216603836,19645.2431057534,1604.4600774659202,4271.9024988655665,35345.78376726246,64740.822971007736
CentralAK,793.2455203442352,10037.701985490286,3908.178007093333,28863.506754776186,16490.253884062637,60092.88615176668
SEAK,648.1394333549458,12190.852161184106,3629.066451717655,55328.32381543165,1725.740050435338,73522.1219121237
Total,15723.626611801175,71685.49088793967,14710.033105161887,115446.59722591737,75238.73466555735,292804.48249637743
