location,mean_annual_flux
All,14485076.87381786
BCWC,4712506.6676378
BeringSea,3404306.1448519337
CentralAK,2954108.1124559483
SEAK,3414155.948872176
