location,median_annual_flux
All,14858765.059724346
BCWC,5027619.437209801
BeringSea,3288261.4634299325
CentralAK,2954133.3639652114
SEAK,3532579.1476946827
