location,median_annual_flux
All,14858772.478371091
BCWC,5027621.899137216
BeringSea,3288262.9411972277
CentralAK,2954134.91567583
SEAK,3532582.555877533
