location,mean_annual_flux
All,14319292.82219744
BCWC,4787749.436379865
BeringSea,3312004.1456580716
CentralAK,2903281.54214591
SEAK,3316257.698013592
