species,All_kg_yr,All_percent_diff,BCWC_kg_yr,BCWC_percent_diff,BeringSea_kg_yr,BeringSea_percent_diff,CentralAK_kg_yr,CentralAK_percent_diff,SEAK_kg_yr,SEAK_percent_diff
Chinook,-20511.51481231826,-0.03150564393750932,188091.10530528758,0.5940842337830214,-178242.6371271103,-0.7208971619030875,-16264.49511321251,-0.4447812463677163,-6976.22988728029,-0.28907356158485187
Chum,309878.7061759748,0.09717270486909801,-31004.17038532067,-0.026018599669457187,457061.5018860252,0.5401751682840361,-159747.36281298273,-0.2601232876155579,23006.33842148044,0.03336493411773178
Coho,233322.84883386188,0.49001678590482856,78214.99468568928,0.3312915732081412,-5755.750056255114,-0.13756249367915185,61177.95501507241,0.6810819030917872,96741.19499002211,1.12131788651921
Pink,2760344.3717494225,0.764770590822317,988705.6870194314,1.4102519903621218,-153580.16865204673,-0.5283428563309678,511251.2349298798,0.49223487769017793,1400585.7773643709,0.9106099069981188
Sockeye,61832.54481352796,0.017153880770655494,240065.13099397725,0.25062125878595554,-584618.4347085818,-0.28183730844287924,448770.7850572128,0.7913816662406394,-33529.04012826991,-0.28536846925806625
