species,All_kg_yr,All_percent_diff,BCWC_kg_yr,BCWC_percent_diff,BeringSea_kg_yr,BeringSea_percent_diff,CentralAK_kg_yr,CentralAK_percent_diff,SEAK_kg_yr,SEAK_percent_diff
Chinook,17690.38315332934,0.031491650309432906,213286.6344563065,0.7160875613282132,-175457.42653438772,-0.6983576389478251,-12413.903069495613,-0.35958705278965164,-5160.098690031874,-0.24871427010134428
Chum,4769.88803139911,0.0013162758156428644,-261606.63554091018,-0.21941267932262853,403605.16275875166,0.4741125937073438,-56021.92392155572,-0.1114670499015481,-96077.36116113703,-0.1551471303436227
Coho,177747.19913613013,0.3661456633975684,47486.72079838235,0.1913964415870275,-7058.412587327533,-0.18484668749945232,53266.81825790777,0.49200077325479663,75415.01867458373,0.8592084824063124
Pink,2514409.829231782,0.6729882579303004,988561.9492516101,1.2806055018336804,-168418.4305759421,-0.5965008439587473,265716.9447915555,0.27778127771909045,1365426.6411301827,0.8281482444322179
Sockeye,-286057.4485536609,-0.06577962297026918,129812.62384221627,0.12020993267717284,-714862.7280458852,-0.3357171237303451,342247.5681780207,0.4906368901169218,-43053.287446424714,-0.38473440489765176
