species,All_kg_yr,All_percent_diff,BCWC_kg_yr,BCWC_percent_diff,BeringSea_kg_yr,BeringSea_percent_diff,CentralAK_kg_yr,CentralAK_percent_diff,SEAK_kg_yr,SEAK_percent_diff
Chinook,-20511.536439580494,-0.03150564393750943,188091.28356847164,0.5940842337830214,-178242.81050737912,-0.7208971619030875,-16264.503935255938,-0.4447812463677163,-6976.234620019541,-0.28907356158485187
Chum,309878.77407184173,0.09717270486909824,-31004.17949831509,-0.026018599669457187,457061.61106781766,0.5401751682840366,-159747.38813816145,-0.2601232876155579,23006.3465506988,0.03336493411773178
Coho,233323.00822142762,0.49001678590482856,78215.03936375745,0.3312915732081414,-5755.754081386582,-0.13756249367915174,61177.97740185846,0.6810819030917874,96741.22467899213,1.12131788651921
Pink,2760345.389068949,0.7647705908223172,988706.0537430777,1.4102519903621218,-153580.2751963889,-0.5283428563309678,511251.3694167191,0.4922348776901777,1400586.7668356898,0.9106099069981193
Sockeye,61832.56587654725,0.017153880770655494,240065.20851119986,0.2506212587859553,-584618.5907702069,-0.28183730844287935,448770.8828048479,0.7913816662406394,-33529.051514161794,-0.28536846925806625
