name,All_kg_yr,All_percent_diff,BCWC_kg_yr,BCWC_percent_diff,BeringSea_kg_yr,BeringSea_percent_diff,CentralAK_kg_yr,CentralAK_percent_diff,SEAK_kg_yr,SEAK_percent_diff
All,2471020.297795835,0.198586195387924,1170817.5750025525,0.3159526247027813,-622579.0755564047,-0.1720970246943656,608581.8991864147,0.25339239455143847,1284377.337289058,0.5006262121433145
N,1732719.8500055638,0.2175118235929272,803021.6742404518,0.34046955185152217,-410661.90165477607,-0.1826210882431032,390261.4424750636,0.25894911668436915,901473.3234999072,0.534288227998752
DHA,316195.1934699152,0.1564827711614427,169193.93436063352,0.2843277886320865,-120392.70552373523,-0.20745149087377057,96034.27145383562,0.2666519267488554,159791.7129896485,0.4579573149645024
P,202461.02865632536,0.22665948679877768,89355.11826642335,0.34024980775921465,-41535.576168938656,-0.16489982836043093,43783.76550814191,0.2539104791153315,107686.18249411053,0.5269322288115754
EPA,188450.8397220135,0.14157129555682624,103295.91959770105,0.2501291893536779,-68806.92534105579,-0.16282651647205548,60562.92490190249,0.24028558872690553,95040.76892041511,0.3897073272099725
Hg,0.607375596128835,0.10259680309180363,0.41303107506897996,0.21311044399182566,-0.3390175717641284,-0.17511058999342033,0.2276629350350827,0.22719078816134175,0.31072504354045283,0.3316933491351828
PCBs,0.19539491434558115,0.16416811616553728,0.15529385927881983,0.3659594816903926,-0.11194566386768592,-0.2883652542051587,0.053363322743860575,0.24811987342402042,0.09461403478097133,0.46803679367197004
DDTs,0.1391192581121704,0.10003061664166424,0.14573421580338217,0.3306483489362422,-0.16205447935708217,-0.3105305420020763,0.08166381350396348,0.329544641074786,0.07978978058248824,0.4473400565206753
PBDEs,0.0351737555045988,0.19918660944941213,0.03166818268997438,0.5144488405407035,-0.020325310191057502,-0.3860193013204125,0.006148366497175086,0.22018157340515065,0.015867916509020127,0.5172278656018752
