name,All_kg_yr,All_percent_diff,BCWC_kg_yr,BCWC_percent_diff,BeringSea_kg_yr,BeringSea_percent_diff,CentralAK_kg_yr,CentralAK_percent_diff,SEAK_kg_yr,SEAK_percent_diff
All,3443.114356255132,0.2961764395393871,1488.0796055281548,0.4405875218527373,-411.256112663877,-0.11604921136229973,860.8763477720972,0.3597414264467682,1470.728227941328,0.6268514922318482
N,2335.7152323127484,0.3132690464318264,993.6990301580347,0.4642541775633795,-260.31517406755603,-0.11807828281557042,566.6580267591827,0.3638242354159824,1024.701503995144,0.6520923825754898
DHA,481.3250467075198,0.26004689179153484,218.88994213988573,0.41171829520515435,-75.68745080553283,-0.13167194162178686,134.64718548339025,0.37383546808878143,188.66108713455012,0.5777416787372185
EPA,293.0921453844411,0.2329959918194615,141.8490729583832,0.3639949136997789,-42.975222553785365,-0.11180973530587712,80.14186238029248,0.33091989049363546,115.09354269159357,0.5289417685582092
P,272.5450839073902,0.32414440257431254,111.65034813752314,0.4651375812429357,-24.59521356381678,-0.10274571801950239,63.394112285819965,0.35681657721073945,117.5597607393772,0.6523860931280954
Hg,0.0011102023976236762,0.1924765585151036,5.823467002859346e-4,0.3271553144833752,-2.2305523640685576e-4,-0.11840917706439635,2.9272056474738027e-4,0.29728869997408935,3.9344963643612866e-4,0.46677359197028157
PCBs,0.00027968311181045794,0.23994323924401684,1.8009161350599425e-4,0.4496377262916398,-8.476901084850616e-5,-0.23581587158257666,7.532374744651257e-5,0.35266582794986867,1.158942460939133e-4,0.6008357444312562
DDTs,2.5179478793228583e-4,0.18977207300442345,1.707119301042753e-4,0.4060159697618202,-1.3346837630107095e-4,-0.2539169561222534,1.0975847266188531e-4,0.47158589816560936,9.673471602093055e-5,0.5695058932629657
PBDEs,4.2816584497055815e-5,0.252404415930902,3.1295384948638996e-5,0.5565307853402703,-1.6708061922649398e-5,-0.33408320825805093,9.357956855929902e-6,0.3257212184484879,1.7361747312611718e-5,0.6322352472445427
