species,median_mt,N,P,DHA,EPA,Hg,DDTs,PBDEs,PCBs
Coho,14811.648686119517,32606.07134490439,3580.8617667150083,7095.938493197755,5997.856859716366,0.033225847902212516,0.01069776906285285,4.336643964832255e-4,0.012699289551895362
Chinook,15667.2593447153,32606.07134490439,3580.8617667150083,6821.824209029774,6611.72386204454,0.05103609128462856,0.014909419824223346,0.0036175936419896547,0.017147015565554983
Sockeye,72164.15213044095,32606.07134490439,3580.8617667150083,10165.175410276233,6411.788509791713,0.03168672066049779,0.010003287139544802,5.553536079722872e-4,0.004969501219974201
Chum,72609.77861864307,32606.07134490439,3580.8617667150083,6634.198632590075,5404.459494093264,0.03152437664493099,0.0027302723309622695,3.53773697948534e-4,0.0035569904950004715
Pink,114577.65094103187,32606.07134490439,3580.8617667150083,5717.6614069714,3303.899028513306,0.012081204295246027,0.002687968326892865,5.812477261064623e-4,0.002911328726143891
sumfish_meanchem,295660.21189125144,32606.07134490439,3580.861766715008,8077.512992302009,6128.108823283883,0.032220637927915775,0.008386249626352617,0.001234015447156108,0.00854461715271344
