species,median_mt,N,P,DHA,EPA,Hg,DDT,PBDE,PCBs
Coho,14811.648686119517,32606.07134490439,3580.8617667150083,7095.938493197755,5997.856859716366,0.032102534743261274,0.00692939537713777,4.336643964832255e-4,0.0538801155430041
Chinook,15667.2593447153,32606.07134490439,3580.8617667150083,6821.824209029774,6611.72386204454,0.04807551551537281,0.010649804879503021,0.0036175936419896547,0.06889476935474667
Sockeye,72164.15213044095,32606.07134490439,3580.8617667150083,10165.175410276233,6411.788509791713,0.02997052231121914,0.0070969283751882925,5.553536079722872e-4,0.0199106808851479
Chum,72609.77861864307,32606.07134490439,3580.8617667150083,6634.198632590075,5404.459494093264,0.02927737518623256,0.0018095566714689164,3.53773697948534e-4,0.013457935810412481
Pink,114577.65094103187,32606.07134490439,3580.8617667150083,5717.6614069714,3303.899028513306,0.011203903035913718,0.001872775385651233,5.812477261064623e-4,0.010679656959618266
sumfish_meanchem,295660.21189125144,32606.07134490439,3580.861766715008,8077.512992302009,6128.108823283883,0.031000099579785577,0.005762003801535769,0.001234015447156108,0.035119196405571713
