species,median,mean,low95,high95,sd
Chinook,0.5692684391689116,0.5903423930066652,0.3822559685364856,0.9010147166419307,0.1371849276610035
Coho,0.8816759121441906,0.9237972675494555,0.553119916214907,1.5336097158586146,0.2587810826270209
Sockeye,1.1443688919783763,1.1818549351220933,0.7640273297721366,1.8102345645263027,0.2695742919101582
Chum,1.2489861504499058,1.3246633072916831,0.7697043487050825,2.309418506602504,0.39255175034422213
Pink,2.2999671697550905,2.375608346995512,1.3102897234520337,3.881825117497066,0.663348905671231
