location,mean_annual_flux
All,14342856.014340205
BCWC,4798027.430085468
BeringSea,3317659.972346278
CentralAK,2907507.60241054
SEAK,3319661.0094979196
